# 11. 视图

## 11.1 什么是视图

​	视图（View）是一种虚拟存在的表，对于使用视图的用户来说基本上是透明的。视图并不在数据库中实际存在，行和列数据来自定义视图的查询中使用的表，并且在使用视图时动态生成的。

- 视图对于普通表的优势
  - 简单：使用视图的用户完全不需要关心后面对应的表的结构、关联条件和筛选条件，对用户来说是已经过滤好的符合条件的结果集
  - 安全：使用视图的用户只能访问他们被允许查询的结果集，对表的管理并不能限制到某行某列，但是通过视图可以简单实现
  - 数据独立：一旦视图的结构确定了，可以屏蔽表结构变化对用户的影响，源表增加列对视图没有影响；源表列改名，则可以通过修改视图来解决，不会对访问者造成影响

## 11.2 视图操作

#### 11.2.1 创建创建活删除视图

​	创建视图需要CREATE VIEW权限，并且对涉及到查询的列有SELECT权限。如果使用CREATE OR REPLACE或者ALTER修改视图，那么还需要该视图的DROP权限

​	创建视图的语法：

```mysql
CREATE [OR REPLACE] [ALGORITHM = {UNDEFINED | MERGE | TEMPTABLE}]
	VIEW view_name [(column_list)]
	AS select_statement
	[WITH [CASCADED | LOCAL] CHECK OPTION]
```

```mysql
-- 创建staff_list_view视图
mysql> create or replace view staff_list_view as
    ->  select s.staff_id, s.first_name, s.last_name, a.address
    ->  from staff as s, address as a
    ->  where s.address_id = a.address_id;
Query OK, 0 rows affected (0.01 sec)
```

​	修改视图的语法：

```mysql
ALTER [ALGORITHM = {UNDEFINED | MERGE | TEMPTABLE}]
    VIEW view_name [(column_list)]
    AS select_statement
    [WITH [CASCADED | LOCAL] CHECK OPTION]
```

​	MySQL 视图的定义有一些限制，例如，在FROM 关键字后面不能包含子查询，这和其他数据库是不同的，如果视图是从其他数据库迁移过来的，那么可能需要因此做一些改动，可以将子查询的内容先定义成一个视图，然后对该视图再创建视图就可以实现类似的功能了。

​	视图的可更新性和视图中查询的定义有关系，以下类型的视图是不可更新的。

- 包含以下关键字的SQL语句：聚合函数（SUM, MIN, MAX, COUNT等）、DISTINCT、GROUP BY、UNION或UNION ALL
- 常量视图
- SELECT中包含子查询
- JOIN
- FROM一个不能更新的视图
- WHERE字句的子查询引用了FROM字句中的表

```mysql
-- 1.包含聚合函数
mysql> create or replace view payment_sum as
    ->  select stuff_id, sum(amount) from payment group by stuff_id;
Query OK, 0 rows affected (0.00 sec)

mysql> create or replace view pi as
    ->  select 3.1415926 as pi;
Query OK, 0 rows affected (0.01 sec)
```

​	**WITH [CASCADED | LOCAL] CHECK OPTION** 决定了是否允许更新数据使记录不再满足视图的条件。这个选项与Oracle 数据库中的选项是类似的，其中：

- LOCAL是只要满足本视图的条件就可以更新
- CASCADED则是必须满足所有针对该视图的所有视图的条件才可以更新（默认）

```mysql
-- 对payment表创建两层视图，并进行更新操作
mysql> create or replace view payment_view as
    ->  select payment_id, amount from payment
    ->  where amount < 10 with check option;
Query OK, 0 rows affected (0.00 sec)

mysql> create or replace view payment_view1 as
    ->  select payment_id, amount from payment_view
    ->  where amount > 5 with local check option;
Query OK, 0 rows affected (0.00 sec)

mysql> create or replace view payment_view2 as
    ->  select payment_id,amount from payment_view 
    ->  where amount > 5 with cascaded check option;
Query OK, 0 rows affected (0.01 sec)

mysql> select * from payment_view1 limit 1;
+------------+--------+
| payment_id | amount |
+------------+--------+
|          6 |      6 |
+------------+--------+
1 row in set (0.00 sec)

mysql> update payment_view1 set amount=10 where payment_id = 6;
ERROR 1369 (HY000): CHECK OPTION failed 'MyDemo1.payment_view1'

mysql> update payment_view2 set amount=10 where payment_id = 6;
ERROR 1369 (HY000): CHECK OPTION failed 'MyDemo1.payment_view2

```

​	官方文档

​	Consider the definitions for the following table and set of views:

```mysql
CREATE TABLE t1 (a INT);
CREATE VIEW v1 AS SELECT * FROM t1 WHERE a < 2 WITH CHECK OPTION;
CREATE VIEW v2 AS SELECT * FROM v1 WHERE a > 0 WITH LOCAL CHECK OPTION;
CREATE VIEW v3 AS SELECT * FROM v1 WHERE a > 0 WITH CASCADED CHECK OPTION;
```

​	Here the v2 and v3 views are defined in terms of another view, v1.

​	Inserts for v2 are checked against its LOCAL check option, then the check recurses to v1 and the rules are applied again. The rules for v1 cause a check failure. The check for v3 also fails:

```mysql
mysql> INSERT INTO v2 VALUES (2);
ERROR 1369 (HY000): CHECK OPTION failed 'test.v2'
mysql> INSERT INTO v3 VALUES (2);
ERROR 1369 (HY000): CHECK OPTION failed 'test.v3'
```

### 11.2.2 删除视图

​	用户可以一次删除一个视图或多个视图，前提是必须有该视图的删除权限

```mysql
DROP VIEW [IF EXISTS] view_name [, view_name] ...[RESTRICT | CASCADE]
```

```mysql
mysql> drop view payment_view1;
Query OK, 0 rows affected (0.00 sec)
```

### 11.2.3 查看视图

- 使用show tables 即可查看所以表和视图

  ```mysql
  mysql> show tables;
  +-------------------+
  | Tables_in_MyDemo1 |
  +-------------------+
  | address           |
  | city              |
  | city_memory       |
  | city_view         |
  | country           |
  | payment           |
  | payment_sum       |
  | payment_view      |
  | pi                |
  | staff             |
  | staff_list_view   |
  | t                 |
  | test              |
  | tt                |
  +-------------------+
  14 rows in set (0.01 sec)
  ```

- 在使用SHOW TABLE STATUS 命令的时候，不但可以显示表的信息，同时也可以显示视图的信息

  ```mysql
  SHOW TABLE STATUS [FROM db_name] [LIKE 'pattern']
  ```

  ```mysql
  -- 查看视图
  mysql> show table status like 'payment_sum' \G
  *************************** 1. row ***************************
             Name: payment_sum
           Engine: NULL
          Version: NULL
       Row_format: NULL
             Rows: NULL
   Avg_row_length: NULL
      Data_length: NULL
  Max_data_length: NULL
     Index_length: NULL
        Data_free: NULL
   Auto_increment: NULL
      Create_time: 2020-09-18 22:16:47
      Update_time: NULL
       Check_time: NULL
        Collation: NULL
         Checksum: NULL
   Create_options: NULL
          Comment: VIEW
  1 row in set (0.00 sec)
  
  -- 查看表
  mysql> show table status like 'payment' \G
  *************************** 1. row ***************************
             Name: payment
           Engine: InnoDB
          Version: 10
       Row_format: Dynamic
             Rows: 6
   Avg_row_length: 2730
      Data_length: 16384
  Max_data_length: 0
     Index_length: 0
        Data_free: 0
   Auto_increment: 7
      Create_time: 2020-09-18 22:41:58
      Update_time: NULL
       Check_time: NULL
        Collation: utf8mb4_0900_ai_ci
         Checksum: NULL
   Create_options: 
          Comment: 
  1 row in set (0.00 sec)
  ```

- 查询视图的定义

  ```mysql
  mysql> show create view payment_sum \G
  *************************** 1. row ***************************
                  View: payment_sum
           Create View: CREATE ALGORITHM=UNDEFINED DEFINER=`root`@`%` SQL SECURITY DEFINER VIEW `payment_sum` AS select `payment`.`stuff_id` AS `stuff_id`,sum(`payment`.`amount`) AS `sum(amount)` from `payment` group by `payment`.`stuff_id`
  character_set_client: utf8mb4
  collation_connection: utf8mb4_0900_ai_ci
  1 row in set (0.00 sec)
  ```

- 通过查看系统表information_schema.views 也可以查看视图的相关信息

  ```mysql
  mysql> select * from information_schema.views where table_name = 'payment_sum' \G
  *************************** 1. row ***************************
         TABLE_CATALOG: def
          TABLE_SCHEMA: MyDemo1
            TABLE_NAME: payment_sum
       VIEW_DEFINITION: select `MyDemo1`.`payment`.`stuff_id` AS `stuff_id`,sum(`MyDemo1`.`payment`.`amount`) AS `sum(amount)` from `MyDemo1`.`payment` group by `MyDemo1`.`payment`.`stuff_id`
          CHECK_OPTION: NONE
          IS_UPDATABLE: NO
               DEFINER: root@%
         SECURITY_TYPE: DEFINER
  CHARACTER_SET_CLIENT: utf8mb4
  COLLATION_CONNECTION: utf8mb4_0900_ai_ci
  1 row in set (0.00 sec)
  ```

  







