## 1. （My)SQL使用入门

#### 1.1 SQL分类

- DDL -- Data Definition Languages
- DML -- Data Manipulation lLanguage
- DCL -- Data Control Language

- 查看数据库服务器状态（在./mysql/bin目录下或将该目录加入环境变量）

  ```mysql
  ./mysql/bin> mysqladmin --version
  mysqladmin  Ver 8.0.15 for Win64 on x86_64 (MySQL Community Server - GPL)
  ```

- 启动/关闭数据库服务

  ```mysql
  > mysqld
  > mysqladmin -u root -p shutdown
  ```

- 登录数据库服务器（使用MySQL自带命令行或将bin文件添加到环境变量使用其他命令行）

  ```mysql
  ../.> mysql -
  ```

#### 1.2 DDL(Data Defination Language)

##### 1. 创建数据库

- 查看数据库

  ```mysq
  mysql> show databases;
  +--------------------+
  | Database           |
  +--------------------+
  | MyDemo1            |
  | information_schema |
  | mysql              |
  | performance_schema |
  | sys                |
  +--------------------+
  5 rows in set (0.00 sec)
  ```

- 创建数据库

  ```mysql
  mysql> CREATE DATABASE dbname;
  ```

- 选择数据库

  ```mysql
  mysql> use mysql(dbname);
  ```

##### 2. 删除数据库

- 删除数据库

  ```mysql
  mysql> drop database dbname;
  ```

#####  3. 删除数据库

- 查看表

  ```mysql
  mysql> show tables;
  +-------------------+
  | Tables_in_MyDemo1 |
  +-------------------+
  | emp               |
  +-------------------+
  1 row in set (0.00 sec)
  ```

- 创建表

  CREATE TABLE tablename (column_name_1 column_type_1 constraints，column_name_2 column_type_2 constraints ， ……column_name_n column_type_n constraints）

- ```mysql
  mysql> create table emp(ename varchar(10), hiredate date, sal decimal(10,2), deptno int(2));
  Query OK, 0 rows affected (0.02 sec)
  ```

- 查看表信息

  ```mysql
  mysql> desc emp;
  +----------+---------------+------+-----+---------+-------+
  | Field    | Type          | Null | Key | Default | Extra |
  +----------+---------------+------+-----+---------+-------+
  | age      | int(3)        | YES  |     | NULL    |       |
  | ename    | varchar(20)   | YES  |     | NULL    |       |
  | birth    | date          | YES  |     | NULL    |       |
  | hiredate | date          | YES  |     | NULL    |       |
  | sal      | decimal(10,2) | YES  |     | NULL    |       |
  | deptno   | int(2)        | YES  |     | NULL    |       |
  +----------+---------------+------+-----+---------+-------+
  6 rows in set (0.00 sec)
  ```

- 查看详细信息

    ```mysql
  mysql> show create table dbname \G;
  
  mysql> show create table emp \G;
  *************************** 1. row ***************************
         Table: emp
  Create Table: CREATE TABLE `emp` (
    `age` int(3) DEFAULT NULL,
    `ename` varchar(20) DEFAULT NULL,
    `birth` date DEFAULT NULL,
    `hiredate` date DEFAULT NULL,
    `sal` decimal(10,2) DEFAULT NULL,
    `deptno` int(2) DEFAULT NULL
  ) ENGINE=InnoDB DEFAULT CHARSET=utf8mb4 COLLATE=utf8mb4_0900_ai_ci
  1 row in set (0.00 sec)
  
  ERROR: 
  No query specified
  ```

##### 4. 删除表

```mysql
mysql> drop table test_db;
Query OK, 0 rows affected (0.02 sec)
```

##### 5. 修改表

- 修改表类型

  ALTER TABLE tablename MODIFY [COLUMN] column_definition [FIRST | AFTER col_name]
  
  ```mysql
  mysql> desc emp;
  +----------+---------------+------+-----+---------+-------+
  | Field    | Type          | Null | Key | Default | Extra |
  +----------+---------------+------+-----+---------+-------+
  | age      | int(3)        | YES  |     | NULL    |       |
  | ename    | varchar(20)   | YES  |     | NULL    |       |
  | birth    | date          | YES  |     | NULL    |       |
  | hiredate | date          | YES  |     | NULL    |       |
  | sal      | decimal(10,2) | YES  |     | NULL    |       |
  | deptno   | int(2)        | YES  |     | NULL    |       |
  +----------+---------------+------+-----+---------+-------+
  6 rows in set (0.00 sec)
  
  mysql> alter table emp modify age int(4);
  Query OK, 0 rows affected, 1 warning (0.01 sec)
  Records: 0  Duplicates: 0  Warnings: 1
  
  mysql> desc emp;
  +----------+---------------+------+-----+---------+-------+
  | Field    | Type          | Null | Key | Default | Extra |
  +----------+---------------+------+-----+---------+-------+
  | age      | int(4)        | YES  |     | NULL    |       |
  | ename    | varchar(20)   | YES  |     | NULL    |       |
  | birth    | date          | YES  |     | NULL    |       |
  | hiredate | date          | YES  |     | NULL    |       |
  | sal      | decimal(10,2) | YES  |     | NULL    |       |
  | deptno   | int(2)        | YES  |     | NULL    |       |
  +----------+---------------+------+-----+---------+-------+
  6 rows in set (0.00 sec)
  ```

- 增加表字段

   ALTER TABLE tablename ADD [COLUMN] column_definition [FIRST | AFTER col_name]
   
   ```mysql
   mysql> desc emp;
   +----------+---------------+------+-----+---------+-------+
   | Field    | Type          | Null | Key | Default | Extra |
   +----------+---------------+------+-----+---------+-------+
   | ename    | varchar(20)   | YES  |     | NULL    |       |
   | hiredate | date          | YES  |     | NULL    |       |
   | sal      | decimal(10,2) | YES  |     | NULL    |       |
   | deptno   | int(2)        | YES  |     | NULL    |       |
   +----------+---------------+------+-----+---------+-------+
   4 rows in set (0.00 sec)
   
   mysql> alter table emp add age int(3) after ename;
   Query OK, 0 rows affected, 1 warning (0.13 sec)
   Records: 0  Duplicates: 0  Warnings: 1
   
   mysql> desc emp;
   +----------+---------------+------+-----+---------+-------+
   | Field    | Type          | Null | Key | Default | Extra |
   +----------+---------------+------+-----+---------+-------+
   | ename    | varchar(20)   | YES  |     | NULL    |       |
   | age      | int(3)        | YES  |     | NULL    |       |
   | hiredate | date          | YES  |     | NULL    |       |
   | sal      | decimal(10,2) | YES  |     | NULL    |       |
   | deptno   | int(2)        | YES  |     | NULL    |       |
   +----------+---------------+------+-----+---------+-------+
   5 rows in set (0.01 sec)
   ```
   
- 删除字段

   ALTER TABLE tablename DROP [COLUMN] col_name

   ```mysql
   mysql> desc emp;
   +----------+---------------+------+-----+---------+-------+
   | Field    | Type          | Null | Key | Default | Extra |
   +----------+---------------+------+-----+---------+-------+
   | ename    | varchar(20)   | YES  |     | NULL    |       |
   | age      | int(3)        | YES  |     | NULL    |       |
   | hiredate | date          | YES  |     | NULL    |       |
   | sal      | decimal(10,2) | YES  |     | NULL    |       |
   | deptno   | int(2)        | YES  |     | NULL    |       |
   +----------+---------------+------+-----+---------+-------+
   5 rows in set (0.01 sec)
   
   mysql> alter table emp drop age;
   Query OK, 0 rows affected (0.14 sec)
   Records: 0  Duplicates: 0  Warnings: 0
   
   mysql> desc emp;
   +----------+---------------+------+-----+---------+-------+
   | Field    | Type          | Null | Key | Default | Extra |
   +----------+---------------+------+-----+---------+-------+
   | ename    | varchar(20)   | YES  |     | NULL    |       |
   | hiredate | date          | YES  |     | NULL    |       |
   | sal      | decimal(10,2) | YES  |     | NULL    |       |
   | deptno   | int(2)        | YES  |     | NULL    |       |
   +----------+---------------+------+-----+---------+-------+
   4 rows in set (0.00 sec)
   ```

- 字段更名

   ALTER TABLE tablename CHANGE [COLUMN] old_col_name column_definition [FIRST|AFTER col_name]

   ```mysql
   mysql> desc emp;
   +----------+---------------+------+-----+---------+-------+
   | Field    | Type          | Null | Key | Default | Extra |
   +----------+---------------+------+-----+---------+-------+
   | ename    | varchar(20)   | YES  |     | NULL    |       |
   | hiredate | date          | YES  |     | NULL    |       |
   | sal      | decimal(10,2) | YES  |     | NULL    |       |
   | deptno   | int(2)        | YES  |     | NULL    |       |
   | age      | int(3)        | YES  |     | NULL    |       |
   +----------+---------------+------+-----+---------+-------+
   5 rows in set (0.00 sec)
   
   mysql> alter table emp change age age1 int(4) after ename;
   Query OK, 0 rows affected, 1 warning (0.13 sec)
   Records: 0  Duplicates: 0  Warnings: 1
   
   mysql> desc emp;
   +----------+---------------+------+-----+---------+-------+
   | Field    | Type          | Null | Key | Default | Extra |
   +----------+---------------+------+-----+---------+-------+
   | ename    | varchar(20)   | YES  |     | NULL    |       |
   | age1     | int(4)        | YES  |     | NULL    |       |
   | hiredate | date          | YES  |     | NULL    |       |
   | sal      | decimal(10,2) | YES  |     | NULL    |       |
   | deptno   | int(2)        | YES  |     | NULL    |       |
   +----------+---------------+------+-----+---------+-------+
   5 rows in set (0.00 sec)
   ```

> **注意：change 和modify 都可以修改表的定义，不同的是change 后面需要写两次列名，不方便。
> 但是change 的优点是可以修改列名称，modify 则不能。**

- 修改字段排列顺序

  使用选项[first | after column_name]

  **注意：CHANGE/FIRST|AFTER COLUMN 这些关键字都属于MySQL 在标准SQL 上的扩展，在其他数据库上不一定适用。**

- 表改名

  ALTER TABLE tablename RENAME [TO] new_tablename

  ```mysql
  mysql> desc emp;
  +----------+---------------+------+-----+---------+-------+
  | Field    | Type          | Null | Key | Default | Extra |
  +----------+---------------+------+-----+---------+-------+
  | ename    | varchar(20)   | YES  |     | NULL    |       |
  | age1     | int(4)        | YES  |     | NULL    |       |
  | hiredate | date          | YES  |     | NULL    |       |
  | sal      | decimal(10,2) | YES  |     | NULL    |       |
  | deptno   | int(2)        | YES  |     | NULL    |       |
  +----------+---------------+------+-----+---------+-------+
  5 rows in set (0.00 sec)
  
  mysql> alter table emp rename emp1;
  Query OK, 0 rows affected (0.01 sec)
  
  mysql> desc emp1;
  +----------+---------------+------+-----+---------+-------+
  | Field    | Type          | Null | Key | Default | Extra |
  +----------+---------------+------+-----+---------+-------+
  | ename    | varchar(20)   | YES  |     | NULL    |       |
  | age1     | int(4)        | YES  |     | NULL    |       |
  | hiredate | date          | YES  |     | NULL    |       |
  | sal      | decimal(10,2) | YES  |     | NULL    |       |
  | deptno   | int(2)        | YES  |     | NULL    |       |
  +----------+---------------+------+-----+---------+-------+
  5 rows in set (0.00 sec)
  
  ```

#### 1.3 DML(Data Manipulation Language)

##### 1. 插入

- 插入多条

  INSERT INTO tablename (field1, field2,……fieldn)
  VALUES
  (record1_value1, record1_value2,……record1_valuesn),
  (record2_value1, record2_value2,……record2_valuesn),
  ……
  (recordn_value1, recordn_value2,……recordn_valuesn)
  ;

```mysql
mysql> select * from dept;
+--------+----------+
| deptno | deptname |
+--------+----------+
|      1 | dept01   |
|      2 | dept02   |
|      4 | dept04   |
+--------+----------+
3 rows in set (0.00 sec)

mysql> insert into dept(deptno, deptname) values(3, "dept03"), (5, "dept05");
Query OK, 2 rows affected (0.01 sec)
Records: 2  Duplicates: 0  Warnings: 0

mysql> select * from dept;
+--------+----------+
| deptno | deptname |
+--------+----------+
|      1 | dept01   |
|      2 | dept02   |
|      4 | dept04   |
|      3 | dept03   |
|      5 | dept05   |
+--------+----------+
5 rows in set (0.00 sec)
```

##### 2. 更新记录

- 更新多表记录

  UPDATE t1,t2…tn set t1.field1=expr1,tn.fieldn=exprn [WHERE CONDITION]

```mysql
mysql> select * from dept;
+--------+----------+
| deptno | deptname |
+--------+----------+
|      1 | dept01   |
|      2 | dept02   |
|      4 | dept04   |
|      3 | dept03   |
|      5 | dept05   |
+--------+----------+
5 rows in set (0.00 sec)

mysql> select * from emp;
+-------+------+------------+----------+--------+
| ename | age1 | hiredate   | sal      | deptno |
+-------+------+------------+----------+--------+
| s     | NULL | 2020-08-04 | 10000.00 |      2 |
| m     | NULL | 2020-08-04 |    34.23 |      2 |
+-------+------+------------+----------+--------+
2 rows in set (0.00 sec)

mysql> update emp e, dept d set e.age1=10, d.deptno=6, d.deptname='dept06' where e.ename='s' and d.deptno=5;
Query OK, 2 rows affected (0.01 sec)
Rows matched: 2  Changed: 2  Warnings: 0

mysql> select * from dept;
+--------+----------+
| deptno | deptname |
+--------+----------+
|      1 | dept01   |
|      2 | dept02   |
|      4 | dept04   |
|      3 | dept03   |
|      6 | dept06   |
+--------+----------+
5 rows in set (0.00 sec)

mysql> select * from emp;
+-------+------+------------+----------+--------+
| ename | age1 | hiredate   | sal      | deptno |
+-------+------+------------+----------+--------+
| s     |   10 | 2020-08-04 | 10000.00 |      2 |
| m     | NULL | 2020-08-04 |    34.23 |      2 |
+-------+------+------------+----------+--------+
2 rows in set (0.00 sec)

```

**注意：多表更新的语法更多地用在了根据一个表的字段，来动态的更新另外一个表的字段**

##### 3. 删除记录

- 删除多表数据

  DELETE t1,t2…tn FROM t1,t2…tn [WHERE CONDITION]

  ```mysql
  mysql> select * from emp;
  +-------+------+------------+----------+--------+
  | ename | age1 | hiredate   | sal      | deptno |
  +-------+------+------------+----------+--------+
  | s     |   10 | 2020-08-04 | 10000.00 |      2 |
  | m     | NULL | 2020-08-04 |    34.23 |      2 |
  | l     |    3 | 2020-08-13 |  2333.00 |      1 |
  +-------+------+------------+----------+--------+
  3 rows in set (0.00 sec)
  
  mysql> select * from dept;
  +--------+----------+
  | deptno | deptname |
  +--------+----------+
  |      1 | dept01   |
  |      2 | dept02   |
  |      4 | dept04   |
  |      3 | dept03   |
  |      6 | dept06   |
  +--------+----------+
  5 rows in set (0.00 sec)
  
  mysql> delete e,d from emp e, dept d where e.ename = 'm' and d.deptno = 6;
  Query OK, 2 rows affected (0.01 sec)
  
  mysql> select * from emp;
  +-------+------+------------+----------+--------+
  | ename | age1 | hiredate   | sal      | deptno |
  +-------+------+------------+----------+--------+
  | s     |   10 | 2020-08-04 | 10000.00 |      2 |
  | l     |    3 | 2020-08-13 |  2333.00 |      1 |
  +-------+------+------------+----------+--------+
  2 rows in set (0.00 sec)
  
  mysql> select * from dept;
  +--------+----------+
  | deptno | deptname |
  +--------+----------+
  |      1 | dept01   |
  |      2 | dept02   |
  |      4 | dept04   |
  |      3 | dept03   |
  +--------+----------+
  4 rows in set (0.00 sec)
  
  ```

  **注意：不管是单表还是多表，不加where 条件将会把表的所有记录删除，所以操作时一定要小心。**

##### 4. 查询记录

- 查询不重复记录

  ```mysql
  mysql> select * from dept;
  +--------+----------+
  | deptno | deptname |
  +--------+----------+
  |      1 | dept01   |
  |      2 | dept06   |
  |      4 | dept04   |
  |      3 | dept03   |
  |      2 | dept06   |
  |      3 | dept07   |
  +--------+----------+
  6 rows in set (0.00 sec)
  
  -- 全字段重复
  mysql> select distinct * from dept;
  +--------+----------+
  | deptno | deptname |
  +--------+----------+
  |      1 | dept01   |
  |      2 | dept06   |
  |      4 | dept04   |
  |      3 | dept03   |
  |      3 | dept07   |
  +--------+----------+
  5 rows in set (0.00 sec)
  
  -- 单个字段重复
  mysql> select distinct deptno from dept;
  +--------+
  | deptno |
  +--------+
  |      1 |
  |      2 |
  |      4 |
  |      3 |
  +--------+
  4 rows in set (0.00 sec)
  ```

##### 5. 排序与限制

- 排序

  SELECT * FROM tablename [WHERE CONDITION] [ORDER BY field1 [DESC|ASC] ， field2
  [DESC|ASC]，……fieldn [DESC|ASC]]

  ```mysql
  mysql> select * from dept;
  +--------+----------+
  | deptno | deptname |
  +--------+----------+
  |      1 | dept01   |
  |      2 | dept06   |
  |      4 | dept04   |
  |      3 | dept03   |
  |      2 | dept06   |
  |      3 | dept07   |
  +--------+----------+
  6 rows in set (0.00 sec)
  
  -- 按照deptno降序排序
  mysql> select * from dept order by deptno desc;
  +--------+----------+
  | deptno | deptname |
  +--------+----------+
  |      4 | dept04   |
  |      3 | dept03   |
  |      3 | dept07   |
  |      2 | dept06   |
  |      2 | dept06   |
  |      1 | dept01   |
  +--------+----------+
  6 rows in set (0.01 sec)
  
  -- 按照deptno排序（默认为升序）
  mysql> select * from dept order by deptno;
  +--------+----------+
  | deptno | deptname |
  +--------+----------+
  |      1 | dept01   |
  |      2 | dept06   |
  |      2 | dept06   |
  |      3 | dept03   |
  |      3 | dept07   |
  |      4 | dept04   |
  +--------+----------+
  6 rows in set (0.01 sec)
  
  -- 按照deptno降序排序（主），按照deptname升序排序（次）
  mysql> select * from dept order by deptno desc, deptname asc;
  +--------+----------+
  | deptno | deptname |
  +--------+----------+
  |      4 | dept04   |
  |      3 | dept03   |
  |      3 | dept07   |
  |      2 | dept06   |
  |      2 | dept06   |
  |      1 | dept01   |
  +--------+----------+
  6 rows in set (0.00 sec)
  ```

- 限制（条数）

  SELECT ……[LIMIT offset_start,row_count]

  limit 经常和order by 一起配合使用来进行记录的分页显示

  ```mysql
  mysql> select * from dept;
  +--------+----------+
  | deptno | deptname |
  +--------+----------+
  |      1 | dept01   |
  |      2 | dept06   |
  |      4 | dept04   |
  |      3 | dept03   |
  |      2 | dept06   |
  |      3 | dept07   |
  +--------+----------+
  6 rows in set (0.00 sec)
  
  -- 查询前3条，可配合排序使用
  mysql> select * from dept limit 3;
  +--------+----------+
  | deptno | deptname |
  +--------+----------+
  |      1 | dept01   |
  |      2 | dept06   |
  |      4 | dept04   |
  +--------+----------+
  3 rows in set (0.00 sec)
  
  -- 下标从0开始，[0, n], 即展示第1 - n+1范围
  mysql> select * from dept order by deptno limit 2,5;
  +--------+----------+
  | deptno | deptname |
  +--------+----------+
  |      2 | dept06   |
  |      3 | dept03   |
  |      3 | dept07   |
  |      4 | dept04   |
  +--------+----------+
  4 rows in set (0.00 sec)
  ```

  **注意：limit 属于MySQL 扩展SQL92 后的语法，在其他数据库上并不能通用。**

- 聚合

  SELECT [field1,field2,……fieldn] fun_name
  FROM tablename
  [WHERE where_contition]
  [GROUP BY field1,field2,……fieldn
  [WITH ROLLUP]]
  [HAVING where_contition]

  fun_name 表示要做的聚合操作，也就是聚合函数，常用的有sum（求和）、count(*)（记
  录数）、max（最大值）、min（最小值）。
  GROUP BY 关键字表示要进行分类聚合的字段，比如要按照部门分类统计员工数量，部门
  就应该写在group by 后面。
  WITH ROLLUP 是可选语法，表明是否对分类聚合后的结果进行再汇总。
  HAVING 关键字表示对分类后的结果再进行条件的过滤。

  >**注意：having 和where 的区别在于having 是对聚合后的结果进行条件的过滤，而where 是在聚
  >合前就对记录进行过滤，如果逻辑允许，我们尽可能用where 先过滤记录，这样因为结果
  >集减小，将对聚合的效率大大提高，最后再根据逻辑看是否用having 进行再过滤。**

  

  ```mysql
  mysql> select * from dept;
  +--------+----------+
  | deptno | deptname |
  +--------+----------+
  |      1 | dept01   |
  |      2 | dept06   |
  |      4 | dept04   |
  |      3 | dept03   |
  |      2 | dept06   |
  |      3 | dept07   |
  +--------+----------+
  6 rows in set (0.00 sec)
  
  -- 计算总数
  mysql> select count(1) from dept;
  +----------+
  | count(1) |
  +----------+
  |        6 |
  +----------+
  1 row in set (0.03 sec)
  
  -- 根据deptno分组
  mysql> select deptno from dept group by deptno;
  +--------+
  | deptno |
  +--------+
  |      1 |
  |      2 |
  |      4 |
  |      3 |
  +--------+
  4 rows in set (0.00 sec)
  
  -- 根据deptno分组并查询每组数量
  mysql> select deptno, count(1) from dept group by deptno;
  +--------+----------+
  | deptno | count(1) |
  +--------+----------+
  |      1 |        1 |
  |      2 |        2 |
  |      4 |        1 |
  |      3 |        2 |
  +--------+----------+
  4 rows in set (0.00 sec)
  
  -- 根据deptno分组并查询每组数量及数量总和
  mysql> select deptno, count(1) from dept group by deptno with rollup;
  +--------+----------+
  | deptno | count(1) |
  +--------+----------+
  |      1 |        1 |
  |      2 |        2 |
  |      3 |        2 |
  |      4 |        1 |
  |   NULL |        6 |
  +--------+----------+
  5 rows in set (0.00 sec)
  
  -- 根据deptno分组并查询每组数量大于1的数据
  mysql> select deptno, count(1) from dept group by deptno having count(1) > 1;
  +--------+----------+
  | deptno | count(1) |
  +--------+----------+
  |      2 |        2 |
  |      3 |        2 |
  +--------+----------+
  2 rows in set (0.00 sec)
  
  -- 总和、最大值、最小值
  mysql> select sum(deptno), max(deptno), min(deptno) from dept;
  +-------------+-------------+-------------+
  | sum(deptno) | max(deptno) | min(deptno) |
  +-------------+-------------+-------------+
  |          15 |           4 |           1 |
  +-------------+-------------+-------------+
  1 row in set (0.01 sec)
  
  ```

##### 5. 表连接

- 内连接 -- 接仅选出两张表中互相匹配的记录

    ```mysql
  mysql> select * from emp;
    +-------+------+------------+----------+--------+
    | ename | age1 | hiredate   | sal      | deptno |
    +-------+------+------------+----------+--------+
    | s     |   10 | 2020-08-04 | 10000.00 |      2 |
    | l     |    3 | 2020-08-13 |  2333.00 |      1 |
    +-------+------+------------+----------+--------+
    2 rows in set (0.00 sec)
  
    mysql> select * from dept;
  +--------+----------+
    | deptno | deptname |
    +--------+----------+
    |      1 | dept01   |
    |      2 | dept06   |
    |      4 | dept04   |
    |      3 | dept03   |
    |      2 | dept06   |
    |      3 | dept07   |
    +--------+----------+
    6 rows in set (0.00 sec)
  
    -- 选出dept和emp中deptno相同的数据
  mysql> select t.deptno, t.ename, tt.deptname from emp t, dept tt where t.deptno = tt.deptno;
    +--------+-------+----------+
    | deptno | ename | deptname |
    +--------+-------+----------+
    |      1 | l     | dept01   |
    |      2 | s     | dept06   |
    |      2 | s     | dept06   |
    +--------+-------+----------+
    3 rows in set (0.00 sec)
  
  ```

    - 外连接 -- 会选出其他不匹配的记录

      左连接：包含所有的左边表中的记录甚至是右边表中没有和它匹配的记录
      右连接：包含所有的右边表中的记录甚至是左边表中没有和它匹配的记录
      
      ```mysql
      mysql> select * from emp;
      +-------+------+------------+----------+--------+
      | ename | age1 | hiredate   | sal      | deptno |
      +-------+------+------------+----------+--------+
      | s     |   10 | 2020-08-04 | 10000.00 |      2 |
      | l     |    3 | 2020-08-13 |  2333.00 |      1 |
      +-------+------+------------+----------+--------+
      2 rows in set (0.00 sec)
      
      mysql> select * from dept;
      +--------+----------+
      | deptno | deptname |
      +--------+----------+
      |      1 | dept01   |
      |      2 | dept06   |
      |      4 | dept04   |
      |      3 | dept03   |
      |      2 | dept06   |
      |      3 | dept07   |
      +--------+----------+
      6 rows in set (0.00 sec)
      
      -- 左连接
      mysql> select t.deptno, t.ename, tt.deptname from emp t left join dept tt on t.deptno = tt.deptno;
      +--------+-------+----------+
      | deptno | ename | deptname |
      +--------+-------+----------+
      |      1 | l     | dept01   |
      |      2 | s     | dept06   |
      |      2 | s     | dept06   |
      +--------+-------+----------+
      3 rows in set (0.00 sec)
      
      -- 右连接
      mysql> select t.deptno, t.ename, tt.deptname from emp t right join dept tt on t.deptno = tt.deptno;
      +--------+-------+----------+
      | deptno | ename | deptname |
      +--------+-------+----------+
      |      2 | s     | dept06   |
      |      2 | s     | dept06   |
      |      1 | l     | dept01   |
      |   NULL | NULL  | dept04   |
      |   NULL | NULL  | dept03   |
      |   NULL | NULL  | dept07   |
      +--------+-------+----------+
      6 rows in set (0.00 sec)
      
      ```
  
  ##### 6. 子查询
  
  用于子查询的关键字主要包括in、not in、=、!=、exists、not exists 等
  
  如果子查询记录数唯一，还可以用=代替in
  
  某些情况下，子查询可以转化为表连接
  
  ```mysql
  mysql> select * from emp;
  +-------+------+------------+----------+--------+
  | ename | age1 | hiredate   | sal      | deptno |
  +-------+------+------------+----------+--------+
  | s     |   10 | 2020-08-04 | 10000.00 |      2 |
  | l     |    3 | 2020-08-13 |  2333.00 |      1 |
  +-------+------+------------+----------+--------+
  2 rows in set (0.00 sec)
  
  mysql> select * from dept;
  +--------+----------+
  | deptno | deptname |
  +--------+----------+
  |      1 | dept01   |
  |      2 | dept06   |
  |      4 | dept04   |
  |      3 | dept03   |
  |      2 | dept06   |
  |      3 | dept07   |
  +--------+----------+
  6 rows in set (0.00 sec)
  
  -- 子查询
  mysql> select * from dept where deptno in (select deptno from emp);
  +--------+----------+
  | deptno | deptname |
  +--------+----------+
  |      1 | dept01   |
  |      2 | dept06   |
  |      2 | dept06   |
  +--------+----------+
  3 rows in set (0.00 sec)
  
  -- 表连接代替子查询
  mysql> select dept.* from dept, emp where dept.deptno = emp.deptno;
  +--------+----------+
  | deptno | deptname |
  +--------+----------+
  |      1 | dept01   |
  |      2 | dept06   |
  |      2 | dept06   |
  +--------+----------+
  3 rows in set (0.00 sec)
  ```

> 注意：子查询和表连接之间的转换主要应用在两个方面：
>
> - MySQL 4.1 以前的版本不支持子查询，需要用表连接来实现子查询的功能
> - 表连接在很多情况下用于优化子查询

#####   7. 记录联合

	将两个表的数据按照一定的查询条件查询出来后，将结果合并到一起显示出来
	
	UNION 和UNION ALL 的主要区别是UNION ALL 是把结果集直接合并在一起，而UNION 是将UNION ALL 后的结果进行一次DISTINCT，去除重复记录后的结果。

```mysql
mysql> select * from dept;
+--------+----------+
| deptno | deptname |
+--------+----------+
|      1 | dept01   |
|      4 | dept04   |
|      3 | dept03   |
|      2 | dept02   |
+--------+----------+
4 rows in set (0.00 sec)

mysql> select * from emp;
+-------+------+------------+----------+--------+
| ename | age1 | hiredate   | sal      | deptno |
+-------+------+------------+----------+--------+
| s     |   10 | 2020-08-04 | 10000.00 |      2 |
| l     |    3 | 2020-08-13 |  2333.00 |      1 |
+-------+------+------------+----------+--------+
2 rows in set (0.00 sec)

-- union
mysql> select deptno from dept union select deptno from emp;
+--------+
| deptno |
+--------+
|      1 |
|      4 |
|      3 |
|      2 |
+--------+
4 rows in set (0.00 sec)

-- union all
mysql> select deptno from dept union all select deptno from emp;
+--------+
| deptno |
+--------+
|      1 |
|      4 |
|      3 |
|      2 |
|      2 |
|      1 |
+--------+
6 rows in set (0.00 sec)
```

#### 1.4 DCL(Data Control Language)

开发不咋用