## 3.  MySQL 支持的数据类型

####  3.1 数值类型

##### 3.1.1 整型

- zerofill -- 整型数据位数不足初始化定义位数，则在前面补全0，指定zerofill列自动转为UNSIGNED

- 整型位数超过初始化为啥不会截取，不受宽度限制影响

- autoincrement -- 自增

  ```mysql
  CREATE TABLE AI (ID INT AUTO_INCREMENT NOT NULL PRIMARY KEY);
  CREATE TABLE AI (ID INT AUTO_INCREMENT NOT NULL, PRIMARY KEY(ID));
  CREATE TABLE AI (ID INT AUTO_INCREMENT NOT NULL, UNIQUE(ID));
  ```

##### 3.1.2 小数

​	浮点数如果不写精度和标度，则会按照实际精度值显示，如果有精度和标度，则会自动将四舍五入后的结果插入，系统不会报错；定点数如果不写精度和标度，则按照默认值decimal(10,0)来进行操作，并且如果数据超越了精度和标度值，系统则会报错。

##### 3.1.3 位数

- 直接select * 结果为NULL。用bin()和hex()函数

  ```mysql
  mysql> select bin(id),hex(id) from t2;
  +---------+---------+
  | bin(id) | hex(id) |
  +---------+---------+
  | 1 | 1 |
  +---------+---------+
  1 row in set (0.00 sec)
  ```

- 数据插入bit 类型字段时，首先转换为二进制，如果位数允许，将成功插入；如果位数小于实际定义的位数，则插入失败

#### 3.2 日期类型

​	DATE  DATETIME TIMESTAMP TIME YEAR

```mysql
mysql> CREATE TABLE T3(D1 DATE, D2 TIME, D3 DATETIME);
Query OK, 0 rows affected (0.03 sec)

mysql> INSERT INTO T3 VALUES(NOW(), NOW(), NOW());
Query OK, 1 row affected, 1 warning (0.00 sec)

mysql> SELECT * FROM T3;
+------------+----------+---------------------+
| D1         | D2       | D3                  |
+------------+----------+---------------------+
| 2020-08-17 | 17:07:26 | 2020-08-17 17:07:26 |
+------------+----------+---------------------+
1 row in set (0.00 sec)
```

### 3.3 字符串类型

#### 3.3.1 CHAR和VARCHAR类型

- CHAR 列的长度固定为创建表时声明的长度，长度可以为从0～255 的任何值；

  而VARCHAR 列中的值为可变长字符串，长度可以指定为0～255（5.0.3 以前）或者65535（5.0.3以后）之间的值

- 在检索的时候，CHAR 列删除了尾部的空格，而VARCHAR 则保留这些空格。

#### 3.3.2 BINARY和VARBINARY类型

- 当保存BINARY 值时，在值的最后通过填充“0x00”（零字节）以达到指定的字段定义长度

#### 3.3.3 ENUM枚举类型

- ENUM 类型是忽略大小写的

- 输入枚举类型以外的其他字符会报错（8.0）

  ERROR 1265 (01000): Data truncated for column 'xxx' at row 1

- ENUM 类型只允许从值集合中选取单个值，而不能一次取多个值

#### 3.3.4 SET 类型

- Set 类型一次可以选取多个成员 -- 会去重

  